18-02-2021, 13:42:22,102000000,104000000,7812.5,69792,0,0,0,0,-18.72,-19.46,-20.08,-20.46,-20.78,-20.93,-20.65,-20.36,-19.6,-19.14,-18.45,0,0,0,0,0,0,0,0,-34.96,-26.75,-23.71,-21.78,-20.38,-19.42,-18.25,0,0,0,0,-30.54,-29.03,-27.97,-28.28,-25.92,-24.85,-22.58,-20.7,-19.17,0,0,-19.98,0,0,-20.76,0,0,0,0,0,-21.1,0,0,-18.32,-19.18,-19.64,-19.68,-19.32,-18.52,0,0,0,0,-18.52,-20.41,-22.66,-26.25,-34.15,0,0,0,0,0,0,0,-29.34,-25.38,-25.62,-25.84,-27.19,0,0,0,0,0,0,0,0,0,-37.17,-24.86,-23.02,-20.83,-20.03,-19.66,-19.73,-20.18,-20.95,-20.7,-20.67,-20.02,-18.95,0,0,0,-18.9,-25.34,-26.41,-20.91,0,0,0,0,-21.67,0,0,-21.42,0,-22.27,-27.41,-21.92,-18.68,0,-26.63,-18.34,-18.34,-22.35,0,-18.74,-21.43,0,-27.5,0,0,0,0,-18.2,-18.64,-18.47,0,0,0,0,-18.52,-19.75,-20.65,-22.3,-23.35,-24.97,-25.04,-25.78,-24.76,-24.82,-22.95,-21.14,-20.07,-18.97,-18.65,-19.03,-19.75,-20.99,-22.94,-23.67,-25,-24.38,-23.48,-22.15,-19.89,0,0,-20.39,0,0,-21.83,0,-19.12,0,-22.65,0,0,-18.65,-19.66,-19.91,-19.88,-19.6,-19.06,-18.13,0,0,0,0,0,0,0,0,0,-18.17,-18.17,0,0,0,0,0,0,0,0,0,0,0,0,0,0,0,0,0,0,0,0,0,0,0,0,0,0,0,-18.39,-19.26,-20.14,-20.73,-20.89,-20.78,-19.68,-18.26,0,-22.38,0,-18.4,0,-21.15,-18.34,0,-23.47,0,-18.88,-21.8,-28.28,0,0,0,0,0,0,0
18-02-2021, 13:42:32,102000000,104000000,7812.5,70144,0,-18.32,-19.06,-19.93,-20.72,-21.51,-22.08,-22.45,-22.43,-22.22,-21.76,-21.03,-20.3,-19.44,-18.65,0,0,0,0,0,0,0,0,0,0,-29.06,-23.86,-21.68,-19.95,-18.56,0,0,0,0,0,0,0,0,0,-37.73,-23.92,-19.97,0,-29.88,0,0,0,-19.9,0,0,0,-19.6,0,0,-19.75,-21.19,-23.64,-23.15,-23.76,-22.95,-22.41,-20.52,-19.76,-19.68,-20.6,-23.16,-27.72,0,0,0,0,0,0,0,0,0,0,0,0,0,0,0,0,0,0,0,0,0,0,0,0,0,0,-30.74,-25.5,-23.68,-22.85,-24.34,-26.98,-28.08,-31.71,-28.4,-26.27,-23.42,-21.08,-18.94,0,-29.28,0,-18.58,-18.95,0,-18.8,0,0,-19.26,-24.95,-27.95,-25.68,-18.37,-28.59,-21.12,0,0,-22.62,0,-18.9,-20.46,0,0,-18.17,-27.22,0,-21.6,-26.28,0,0,0,-18.33,-18.7,-18.86,-19.04,-18.67,-18.84,-19.5,-20.62,-22.25,-25.2,-29.28,-34.67,0,0,0,0,0,-31.44,-25.72,-23.04,-21.78,-21.59,-22,-23.59,-27.97,-33.98,0,0,0,-35.43,-24.77,-21.41,-18.8,0,-19.57,-24.01,0,-22.99,0,-32.32,-20.29,0,0,-20.38,-22.75,-23.47,-24.9,-23.67,-22.88,-21.45,-20.44,-18.5,0,0,0,-18.67,-19.36,-20.06,-20.66,-21.14,-21.39,-21.18,-20.33,-20.23,-19.47,-18.63,0,0,0,0,0,0,0,0,-18.31,-18.26,-18.6,-18.38,-18.85,-18.34,0,0,0,0,0,0,0,0,-18.72,-19.64,-20.62,-21.1,-22.03,-21.89,-21.05,-19.73,0,0,-19.5,-26.64,0,0,-24.87,-21.53,0,0,0,-19.1,-22.32,-26.87,0,0,0,0,0,0,0,0,0
18-02-2021, 13:42:42,102000000,104000000,7812.5,70112,0,-19.12,-19.92,-20.59,-21.52,-22.17,-22.7,-23.04,-22.91,-22.67,-21.77,-21.06,-20.31,-19.46,-18.84,-18.48,-18.21,0,0,0,0,0,0,0,0,-33.73,-24.37,-21.49,-19.57,-18.44,0,0,0,0,0,0,0,0,0,-31.26,-21.88,0,0,0,0,0,-24.38,0,0,0,-23.87,0,-19.09,-21.15,-23.06,-25.35,-26.77,-26.57,-25.83,-23.38,-21.52,-20.5,-19.85,-21.51,-23.95,0,0,0,0,0,0,0,0,0,0,0,0,0,0,0,0,0,0,0,0,0,0,0,0,0,0,0,0,-29.04,-26.39,-29.15,-45.42,0,0,0,0,0,-27.37,-23.23,-19.86,0,0,0,-18.97,-21.21,0,-21.25,-19.43,0,-22.62,0,0,0,0,0,-18.75,-19.42,0,-18.38,-18.77,0,-30.21,0,-18.23,-18.23,0,-20.78,-24.64,-18.4,0,0,0,-18.32,-18.76,-19.16,-19.31,-19.28,-19.42,-20.17,-21.88,-23.91,-28.24,0,0,0,0,0,0,0,0,-29.85,-24.11,-22.57,-21.92,-23.44,-27.1,0,0,0,0,0,0,-29.93,-22.59,-18.82,0,-19.35,-23.79,0,0,-19.06,0,0,0,-19.92,-22.82,-26.89,-29.08,-31.77,-31.6,-26.07,-23.93,-21.39,-19.64,-18.89,-18.38,-19.05,-19.78,-21.51,-22.27,-22.6,-22.81,-22.95,-23.05,-22.13,-21.14,-20.55,-19.26,-18.6,0,0,0,0,0,0,-18.69,-19,-19.39,-19.33,-19.5,-19.28,-18.94,-18.76,0,0,0,0,0,0,-18.52,-19.46,-20.29,-21.3,-21.37,-22.53,-21.78,-21.11,-19.77,0,0,-19.09,-25.48,0,0,-36.52,-23.46,-18.89,0,0,-19.24,-21.65,-25.56,0,0,0,0,0,0,0,0,0,0
18-02-2021, 13:42:52,102000000,104000000,7812.5,70048,-18.39,-19.28,-19.9,-20.68,-21.42,-21.68,-22.06,-22.28,-22,-21.44,-20.97,-20.27,-19.51,-19.15,-18.79,-18.51,-18.31,0,0,0,0,0,0,0,0,-25.08,-22.22,-20.07,-18.56,0,0,0,0,0,0,0,0,0,-30.07,-21.95,-18.28,0,0,0,0,-30.09,-18.35,0,0,0,0,0,-20.79,-22.2,-24.06,-25.24,-25.17,-24.17,-23.18,-21.21,-20.91,-20.79,-21.81,-25.59,-30.78,0,0,0,0,0,0,0,0,0,0,0,0,0,0,0,0,0,0,0,0,0,0,0,0,0,0,-32.95,-24.49,-22.95,-24.52,-29.07,0,0,0,0,-39.53,-27.03,-22.42,-19.68,0,0,0,-19.51,-20.87,0,-26.64,-20.98,0,-28.33,0,0,-18.47,-18.7,-18.33,0,0,-24.08,0,-24.51,0,-20.11,0,-20.6,-19.06,-19.06,0,0,0,0,0,0,-18.51,-18.74,-18.96,-18.88,-18.49,-19.02,-19.6,-20.8,-22.44,-23.98,-27.14,-42.24,0,0,0,0,-37.09,-27.71,-25.6,-23.16,-21.63,-21.66,-22.51,-25.39,-31.11,-43.39,0,0,0,-28.08,-22.72,-20.31,0,0,0,-18.27,-19.82,0,0,0,-21.47,0,-18.34,-21.09,-23.49,-24.27,-24.6,-24.71,-23.6,-21.96,-20.08,-18.4,0,0,0,-19.04,-19.85,-21.16,-21.51,-22.08,-22.33,-21.63,-20.92,-20.58,-19.6,-18.71,0,0,0,0,0,0,0,0,-18.37,-18.89,-18.68,-18.7,-18.26,-18.52,0,0,0,0,0,0,0,0,-18.34,-19.06,-19.6,-19.74,-20,-20.1,-19.24,-18.3,0,-29.85,0,-19.01,-29.86,0,-22.2,-20.6,0,-26.86,0,0,-20.01,-22.25,-26.53,0,0,0,0,0,0,0,0,0,0
18-02-2021, 13:43:02,102000000,104000000,7812.5,70016,-18.94,-19.72,-20.37,-21.07,-21.89,-22.23,-22.59,-22.63,-22.37,-21.92,-21.06,-20.44,-19.79,-19.5,-19.22,-19.04,-18.72,-18.38,0,0,0,0,0,0,0,-25.54,-22.36,-20.24,-19.21,-18.5,0,0,0,0,0,0,0,0,-24.15,-18.92,0,-18.29,-18.37,0,-19.61,0,0,0,-22.74,0,-18.26,-19.05,-22.36,-24.08,-24.76,-26.38,-25.06,-23.19,-21.68,-20.22,-19.95,-20.58,-23.18,-32.62,0,0,0,0,0,0,0,0,0,0,0,0,0,0,0,0,0,0,0,0,0,0,0,0,0,0,0,-33.97,-27.82,-27.19,-35.73,0,0,0,0,0,0,-27.44,-22.18,-18.73,0,-20.55,-26,0,-18.49,-22.96,-20.14,0,-30.33,0,0,-19.35,-19.85,-19.84,-18.84,0,0,-20.96,-24.76,0,-18.67,-20.16,-22.18,-20.58,0,0,-18.66,0,-25.39,-30.24,-24.35,0,-18.8,-19.32,-19.01,-19.05,-19,-19.86,-21.14,-23.2,-26.18,-33.21,0,0,0,0,0,0,0,-27.27,-23.44,-21.97,-21.62,-22.16,-24.53,0,0,0,0,0,0,-31.81,-23.54,-19.6,0,-22.31,0,0,-25.84,0,0,-24.16,0,-19.59,-22.67,-26.43,-32.41,0,-36.84,-28.8,-25.28,-22.13,-20.57,-18.72,-18.24,-18.55,-20.03,-21.41,-22.76,-24.44,-24.12,-25.05,-24.71,-22.96,-22.25,-21.22,-20.46,-19.36,-18.25,0,0,0,0,-18.32,-18.59,-19.05,-19.15,-19.24,-19.2,-18.87,-18.78,-18.28,-18.22,0,0,0,0,0,0,-18.4,-18.88,-19.54,-19.85,-20.11,-19.73,-19.25,-18.19,0,-27.2,0,-18.79,-21.99,-19.6,0,0,0,-21.02,0,0,-19.17,-21.12,-24.1,-28.17,0,0,0,0,0,0,0,0,0,0
18-02-2021, 13:43:12,102000000,104000000,7812.5,70016,-18.22,-18.84,-19.33,-19.86,-20.21,-20.5,-20.68,-20.42,-20.24,-19.89,-19.41,-18.91,-18.69,-18.55,-18.41,-18.27,0,0,0,0,0,0,0,-27.01,-22.62,-20.4,-18.57,0,0,0,0,0,0,0,0,0,-37.02,-23.46,-19.33,0,-23.1,0,0,0,-18.65,0,0,-21.46,0,0,-19.17,-18.86,-21.03,-22.06,-21.59,-21.55,-20.95,-20.39,-19.81,-18.98,-20.17,-21.14,-23.22,-25.46,-28.65,0,0,0,0,0,0,0,-41.27,-27,-24.91,-23.34,-25.2,-28.28,0,0,0,0,0,0,0,0,0,0,-31.5,-24.76,-21.98,-20.28,-20.99,-21.36,-22.99,-24.06,-25.14,-24.61,-23.7,-21.91,-20.35,-18.57,0,-30.93,0,-18.59,-19.59,0,0,0,-24.81,-18.58,-27.91,0,0,0,0,0,0,0,-33,0,0,0,0,-18.75,-23.28,-22.02,0,0,-20.45,0,-25.47,0,-24.49,-19.31,-39.33,0,0,0,0,0,-18.87,-19.97,-21.04,-21.35,-22.56,-23.76,-23.59,-23.08,-22.73,-21.37,-21.4,-20.61,-20.02,-19.59,-19.92,-20.16,-21.48,-22.48,-23.3,-23.04,-22.39,-21.12,-20.08,-18.44,0,-25.79,0,0,0,-20.74,0,0,0,-21.97,0,0,-19.27,-20.67,-21.08,-21.64,-20.86,-19.74,-19.1,-18.16,0,0,0,0,-18.51,-19.08,-19.34,-19.56,-19.46,-19.63,-19.12,-18.96,-18.2,0,0,0,0,0,0,0,0,0,0,0,0,0,0,0,0,0,0,0,-38.25,-29.17,0,0,0,0,0,0,0,0,0,0,0,-26.68,0,-22.47,0,-23.37,0,0,0,-18.39,-26.3,0,0,-18.75,-20.17,-22.06,-23.57,-25.83,-31.75,0,0,0,0,0,0,0,0
18-02-2021, 13:43:22,102000000,104000000,7812.5,70016,-19.42,-20.21,-20.85,-21.26,-21.49,-21.96,-21.96,-21.77,-21.38,-20.9,-20.3,-19.96,-19.82,-19.65,-19.49,-19.17,-18.79,-18.33,0,0,0,0,0,0,-25.51,-22.05,-19.92,-19.07,-18.58,-18.56,-18.22,0,0,0,0,0,0,-25.63,-19.01,0,-18.61,-18.81,-20.54,-18.71,0,0,-21.72,0,-18.26,-20.36,-22.22,-21.58,-27.56,-28.01,-26.78,-25.38,-23.51,-22.19,-21.26,-21.65,-23.11,-26.86,0,0,0,0,0,0,0,0,0,0,0,0,0,0,0,0,0,0,0,0,0,0,0,0,0,0,0,0,-26.47,-26.15,-28.52,0,0,0,0,0,0,-28.54,-23.44,-19.96,0,-27.8,0,0,-19.33,-19.03,0,0,-20.93,0,0,-18.15,-19.07,-19.39,-19.59,-18.94,0,0,-21.65,0,0,-28.95,0,0,0,-20.56,-27.23,-27.23,-18.38,0,-23.74,0,-18.46,0,0,0,0,-18.51,-19.27,-20.89,-22.52,-24.02,-28.5,-32.38,0,0,0,-36.65,-33.04,-26.7,-25.11,-23.54,-22.37,-22.46,-23.69,-27.32,-29.79,0,0,0,0,-29.61,-23.27,-19.76,0,-26.8,0,0,-19.49,-20.36,-18.57,0,0,0,-19.89,-22.98,-26.77,-29.12,0,0,-26.45,-24.18,-21.22,-20.02,-18.76,-19.13,-19.87,-21.23,-22.65,-23.69,-24.56,-25.05,-25.88,-23.83,-22.75,-22.09,-21.05,-20.08,-18.96,0,0,0,0,-18.27,-18.67,-18.83,-19.26,-19.29,-19.49,-19.09,-18.77,-18.35,-18.16,0,0,0,0,0,0,0,-18.23,-18.9,-19.36,-19.43,-19.89,-19.72,-18.78,0,0,-23.05,0,-18.16,0,0,0,-30.99,-18.9,-33.55,0,0,-19.11,-20.63,-22.93,-25.84,-30.65,0,0,0,0,0,0,0,0,-18.69,-18.69
18-02-2021, 13:43:32,102000000,104000000,7812.5,70016,-18.81,-19.45,-19.88,-20.39,-20.66,-20.98,-20.93,-20.74,-20.53,-20.11,-19.75,-19.58,-19.51,-19.4,-19.02,-18.8,-18.29,0,0,0,0,0,0,-28.96,-22.94,-20.36,-19.17,-18.52,-18.15,0,0,0,0,0,0,0,-25.36,-19.6,0,-20.4,-22.09,-21.41,0,0,0,0,-22.43,0,0,-19.55,-20.68,-20.17,-22.67,-22.51,-22.83,-21.74,-21.02,-20.2,-19.89,-20.47,-21.67,-23.3,-27.5,0,0,0,0,0,0,0,0,0,0,-28.01,-26.99,-31.83,0,0,0,0,0,0,0,0,0,0,0,0,-27.19,-22.78,-21.79,-22.27,-24.67,-26.86,-32.4,-43.25,0,-31.02,-26.14,-22.8,-20.38,0,0,-19.46,-23.67,-29.19,0,-21.42,0,0,-22.7,0,0,0,-18.51,-18.85,-18.69,0,0,0,0,-19.3,0,0,0,-19.38,-22.23,-23.49,-23.5,-23.5,0,0,-26.1,-18.31,-18.46,0,0,0,0,0,-18.66,-19.82,-20.43,-22.23,-22.76,-23.87,-25.48,-24.7,-24.98,-23.65,-23.83,-22.01,-20.96,-20.14,-20.23,-20.62,-21.7,-22.83,-24.68,-25.24,-26.88,-25.38,-24.04,-21.7,-19.39,0,-32.88,0,0,-18.57,0,-19.41,-18.62,0,0,0,-19.1,-21.51,-22.28,-23.51,-23.8,-22.63,-21.82,-19.95,-18.79,0,0,0,-18.6,-19.36,-20.48,-21.17,-21.33,-21.5,-21.29,-20.88,-20.3,-19.89,-18.83,0,0,0,0,0,0,0,0,0,0,0,0,0,0,0,0,0,0,0,0,0,0,0,0,0,0,0,0,0,0,0,-21.64,0,0,-19.99,0,0,0,-32.32,-18.61,-25.92,0,0,-18.23,-19.59,-20.91,-22.24,-24.56,-26.34,-32.12,0,0,0,0,0,0,-18.27,-18.27
18-02-2021, 13:43:42,102000000,104000000,7812.5,70016,-18.84,-19.48,-19.95,-20.4,-20.77,-21.07,-21.06,-20.86,-20.7,-20.1,-19.61,-19.46,-19.31,-19.18,-18.97,-18.7,-18.34,0,0,0,0,0,0,-27.52,-22.31,-20.06,-18.52,0,0,0,0,0,0,0,0,0,-30.68,-21.32,0,-30.24,0,0,-21.46,-22.22,-18.16,0,-22.48,0,0,-19.42,-20.8,-20.16,-22.3,-22.84,-22.64,-21.81,-20.68,-20.07,-19.63,-19.77,-21.02,-22.86,-25.35,-32.13,0,0,0,0,0,0,0,0,0,-27.9,-26.1,-28.49,0,0,0,0,0,0,0,0,0,0,0,0,-31.43,-25.93,-22.88,-23.01,-24.25,-26.07,-29.34,-38.77,-29,-26.16,-24.04,-21.6,-19.22,0,-36.54,0,-19.11,-19.53,0,0,0,0,-19.21,-32.74,0,0,0,0,0,0,0,-35.4,0,-19.3,-18.38,-24.15,0,0,-18.97,-27.31,0,0,-23.67,-22.88,0,-19.47,-21.67,-18.17,-31.44,0,0,0,-18.35,-18.92,-20.47,-21.4,-23.15,-24.89,-24.8,-25.51,-25.32,-24.44,-24.11,-22.96,-21.62,-21.41,-20.43,-20.8,-21.5,-22.6,-24.42,-27.3,-26.71,-25.93,-24.75,-22.24,-19.97,0,0,-18.35,-20.97,-22.54,0,-21.51,-20.06,0,-35.46,0,-19.1,-21.39,-22.89,-24.5,-24.62,-24.11,-23.11,-21.68,-20.38,-19.07,-18.56,-18.81,-19.35,-20.32,-20.84,-21.18,-21.47,-21.71,-21.47,-21.25,-20.48,-20.09,-18.94,-18.28,0,0,0,0,0,0,0,0,-18.24,-18.26,-18.17,0,0,0,0,0,0,0,0,0,0,0,0,-18.16,-18.21,-18.48,-18.64,-18.29,0,0,-37.94,-19.06,0,0,0,-19.18,0,0,-19.01,-30.2,0,0,-18.58,-19.81,-20.96,-22.71,-24.89,-28.24,0,0,0,0,0,0,0,-18.19,-18.19
18-02-2021, 13:43:52,102000000,104000000,7812.5,70080,-19.19,-19.81,-20.3,-20.79,-20.92,-20.98,-21.11,-20.82,-20.42,-20.24,-20.14,-19.89,-20.07,-19.78,-19.49,-19.13,-18.66,0,0,0,0,0,0,-27.73,-22.18,-20.08,-19.28,-18.88,-18.55,-18.4,0,0,0,0,0,0,-23.76,-18.83,0,0,0,-21.72,-21.9,-18.35,0,-23.24,0,0,-20.08,-21.73,-23.55,-21.28,-24.59,-24.46,-22.87,-22.35,-21.55,-20.79,-20.74,-21.82,-22.83,-25.95,-40.89,0,0,0,0,0,0,0,0,0,-32.52,-29.5,-35.93,0,0,0,0,0,0,0,0,0,0,0,0,0,-26.92,-24.04,-24.59,-26.86,-28.92,0,0,0,-37.42,-27.29,-24.58,-21.01,-18.51,0,-21,0,0,-18.44,-19.96,0,0,-20.26,0,0,0,-18.24,-18.35,0,0,0,-21.2,0,-19.33,-19.9,0,0,-18.71,0,-25.75,0,0,0,-18.56,0,0,0,-19.67,0,0,-20.68,0,0,-18.48,-19.71,-21.12,-23.46,-24.82,-25.51,-31.82,-26.76,-26.99,-24.19,-23.95,-22.6,-21.38,-21.1,-21.34,-22.27,-23,-24.8,-26.76,-28.97,-27.33,-24.93,-23.39,-20.6,-18.15,0,-19.74,-22.7,-29.29,0,-21.53,-20.22,0,-33.3,0,-19.27,-22.08,-24.2,-26.33,-27.34,-26.85,-24.63,-22.21,-20.68,-19.64,-18.78,-18.92,-19.72,-20.59,-21.72,-22.39,-22.83,-23.6,-23.93,-22.48,-22.36,-21.15,-19.91,-19.16,-18.4,0,0,0,0,0,0,-18.38,-18.76,-18.78,-18.63,-18.97,-18.3,0,0,0,0,0,0,0,0,0,0,0,-18.38,-18.59,0,0,0,0,0,-18.62,-24.45,0,-26.02,0,0,-33.35,0,-23.92,0,0,0,-19.27,-20.53,-22.22,-23.83,-25.28,-31.25,0,0,0,0,0,0,0,-18.7,-18.7
18-02-2021, 13:44:02,102000000,104000000,7812.5,70112,-19.41,-19.88,-20.31,-20.89,-20.96,-21.1,-20.94,-20.7,-20.35,-20.28,-20.33,-20.32,-20.14,-19.88,-19.63,-19.27,-18.67,-18.25,0,0,0,0,0,-26.77,-22.06,-20.23,-19.52,-19.23,-18.95,-18.68,-18.39,0,0,0,0,0,-21.69,0,-22.51,-39.88,0,-20.19,0,-23.8,-18.73,0,0,-19.28,-21.44,-23.29,-25.79,-21.74,-25.45,-25.12,-23.31,-22.39,-21.67,-21.53,-22.22,-23.33,-25.4,0,0,0,0,0,0,0,0,0,0,0,-29.29,-33.92,0,0,0,0,0,0,0,0,0,0,0,0,0,-31.07,-24.24,-23.47,-24.42,-28.22,0,0,0,0,0,-30.17,-24.37,-20.83,0,0,-19,-22.38,-43.61,-20.14,0,-23.43,0,-24.21,0,0,-18.35,-18.85,-18.66,0,0,-22.6,0,-28,-20.46,-19.52,-19.2,0,-20.58,-18.8,-19.07,0,-18.58,-18.58,0,-19.96,0,-22.31,0,0,0,-26.7,0,0,-18.53,-19.71,-21.51,-23.64,-24.27,-25.91,-27.39,-27.34,-25.64,-24.73,-23.34,-21.8,-20.96,-20.81,-21.41,-22.85,-24.36,-25.45,-28.18,-28.71,-27.86,-24.82,-22.32,-19.36,0,-26.83,0,0,-18.21,0,0,-33.89,-20.07,0,0,-20.45,-22.83,-26.18,-32.1,-28.47,-25.14,-23.36,-21.51,-19.44,-18.44,-18.45,-19.19,-20.09,-21.11,-22.62,-23.89,-23.44,-24.65,-23.38,-23.17,-22.26,-20.74,-19.8,-18.89,0,0,0,0,0,0,-18.26,-18.58,-18.92,-18.84,-18.71,-18.65,-18.33,0,0,0,0,0,0,0,0,0,0,0,-18.24,-18.74,0,0,0,0,-21.08,0,0,-22.77,-24.59,-19.32,0,0,-19.1,-26.79,0,0,-18.43,-20.03,-21.13,-22.71,-24.03,-26.65,-29.59,0,0,0,0,0,0,-18.19,-18.68,-18.68
18-02-2021, 13:44:12,102000000,104000000,7812.5,70112,-19.08,-19.48,-19.83,-20.21,-20.5,-20.46,-20.38,-20.26,-20.07,-20.12,-19.99,-20.01,-19.75,-19.67,-19.25,-18.73,-18.39,0,0,0,0,0,-33.55,-23.32,-20.72,-19.58,-19.15,-18.77,-18.38,0,0,0,0,0,0,-23.5,-18.52,0,0,-18.72,0,0,-19.19,0,-20.23,0,0,-19.32,-20.67,-21.83,-22.88,-20.9,-22.72,-21.8,-21.24,-20.78,-19.86,-19.7,-20.06,-20.58,-21.83,-24.18,-28.49,0,0,0,0,0,0,0,-33.06,-27.9,-26.11,-28.76,-33.4,0,0,0,0,0,0,0,0,0,0,0,-38.34,-25.65,-23.54,-23.57,-25.89,-27.23,-27.59,-29.17,-29.92,-32.72,-26.35,-23.65,-20.37,-18.31,0,-19.89,-27.2,0,-21.78,-26.42,-18.23,0,-19.07,-28.94,0,0,0,-18.36,-18.4,0,0,-25.33,-18.27,-21.36,-26.93,-22.99,0,0,0,0,0,0,0,0,0,0,0,0,-23.56,0,0,0,0,0,0,-19.43,-20.61,-21.22,-22.44,-23.02,-23.31,-24.79,-22.94,-21.83,-21.13,-20.76,-20.31,-20.42,-20.83,-21.46,-21.9,-22.97,-23.78,-24.27,-22.98,-21.57,-19.43,0,0,0,-20.72,-29.73,-19.64,0,-21.07,0,-24.79,0,-18.43,-20.83,-22.97,-24.13,-25.67,-25.64,-23.25,-21.41,-20.35,-19.44,-18.83,-19.2,-19.73,-20.24,-21.1,-21.37,-21.82,-22.93,-22.81,-22.17,-21.34,-20.92,-19.93,-18.81,0,0,0,0,0,0,0,0,0,0,0,0,0,0,0,0,0,0,0,0,0,0,0,0,0,0,0,0,0,0,-22.17,0,-20.51,0,0,0,0,-20.51,0,-19.55,-28.38,0,0,-18.18,-19.3,-20.54,-21.48,-22.52,-24.38,-26.36,-30.73,0,0,0,0,0,0,-18.55,-18.55
18-02-2021, 13:44:22,102000000,104000000,7812.5,70144,-19.36,-20,-20.36,-20.64,-20.84,-20.89,-20.88,-20.5,-20.46,-20.33,-20.59,-20.51,-20.53,-20.2,-19.79,-19.36,-18.73,-18.2,0,0,0,0,0,-24.04,-21.51,-19.98,-19.76,-19.49,-19.2,-18.85,-18.62,0,0,0,0,-28.1,-19.66,0,-18.76,-20.31,0,-38.3,-19.25,0,-27.59,0,-18.99,-20.7,-22.7,-23.82,-25.82,-22.45,-24.76,-24.59,-23.38,-21.94,-21.51,-21.62,-23.13,-25.03,-33.94,0,0,0,0,0,0,0,0,0,0,-32.97,-31.91,0,0,0,0,0,0,0,0,0,0,0,0,0,0,-27.39,-24.32,-24.01,-26.42,-30.46,0,0,0,0,-37.3,-24.66,-21.24,-18.87,0,-20.79,0,0,0,-19.21,0,0,-20.35,0,0,0,-18.81,-18.97,-19.03,-18.57,0,0,-23.07,0,0,-22.9,-48.94,0,-18.84,-24.03,0,-22.63,0,0,-26.82,-28.35,0,-19.4,-20.32,0,-27.47,0,0,-18.47,-19.9,-21.35,-22.51,-23.97,-24.51,-25.42,-25.6,-24.92,-24.25,-23.03,-22.42,-21.48,-20.95,-21.18,-22.12,-23.17,-24.57,-26.27,-28.57,-26.46,-25.08,-22.5,-20.1,0,0,-18.48,-20.92,-22.15,0,-18.75,0,0,-30.4,0,-19.39,-22.04,-23.81,-26.14,-28.11,-27.51,-25.12,-22.82,-20.87,-19.62,-18.9,-19.09,-20.03,-21.08,-22.55,-23.62,-24.04,-24.52,-24.27,-24.14,-22.65,-21.67,-20.92,-19.45,-18.91,0,0,0,0,0,-18.62,-18.77,-18.9,-19.08,-18.86,-18.52,-18.42,0,0,0,0,0,0,0,0,0,0,0,-18.2,0,-18.32,0,0,0,-27.93,0,-25.25,0,-25.64,0,0,-23.35,0,-22.77,0,0,0,-18.86,-20.24,-21.51,-23.02,-24.63,-26.86,-30.51,0,0,0,0,0,0,-18.28,-18.88,-18.88
18-02-2021, 13:44:32,102000000,104000000,7812.5,70176,-19.52,-20.22,-20.65,-20.96,-21.31,-21.07,-21.06,-20.71,-20.66,-20.64,-20.57,-20.69,-20.57,-20.28,-19.99,-19.61,-18.87,-18.36,0,0,0,0,0,-24.76,-21.61,-20.42,-19.74,-19.83,-19.62,-19.25,-18.69,0,0,0,0,0,-20.71,0,-19.55,-22.73,0,0,-19.74,0,-39.82,0,-18.89,-21.31,-23.67,-25.8,-28.06,-22.96,-26.62,-27.66,-24.38,-23.41,-22.32,-22.71,-23.36,-26,-35.82,0,0,0,0,0,0,0,0,0,0,0,-41.08,0,0,0,0,0,0,0,0,0,0,0,0,0,0,-29.57,-25.34,-26.77,-27.32,-37.84,0,0,0,0,0,-27.02,-21.82,-19.04,0,-21.67,0,0,-18.37,-18.68,0,0,-20.73,0,0,0,-19.26,-19.44,-19.61,-18.91,0,0,-34.89,-18.99,0,-20.09,-25.73,0,-21.89,-20.34,0,-37.37,-63.4,-63.4,-26.79,-19.6,-36.32,-18.7,-20.62,-20.41,0,0,0,-18.8,-20.37,-21.65,-23.19,-26.43,-27.28,-29.44,-27.39,-26.74,-25.66,-24.24,-23.52,-22.3,-21.81,-22.48,-22.39,-23.75,-27.16,-28.56,-28.34,-28.01,-26.97,-23.71,-20.52,-18.32,0,-19.06,-21.57,-22.92,0,-19.32,-18.9,0,-35.33,0,-19.75,-22.23,-26.76,-30.11,-37.68,-32.05,-27.55,-24.52,-21.6,-20.29,-19.59,-19.95,-20.98,-21.91,-23.5,-24.91,-24.63,-27.52,-25.22,-25.64,-24.14,-22.52,-21.42,-19.9,-19.02,-18.17,0,0,0,-18.19,-18.73,-19.11,-19.3,-19.61,-19.43,-19.27,-18.63,-18.2,0,0,0,0,0,0,0,0,0,0,-18.24,-18.6,-18.66,-18.4,0,0,0,-19.13,-31.1,0,0,0,0,-25.13,0,-23.24,0,0,0,-19.35,-20.69,-22.35,-23.42,-26.89,-30.01,0,0,0,0,0,0,0,-18.38,-19.11,-19.11
18-02-2021, 13:44:42,102000000,104000000,7812.5,69984,0,0,0,0,-18.47,-18.31,-18.28,-18.26,-18.17,-18.25,0,-18.15,0,0,0,0,0,0,0,0,-30.92,-23.24,-20.39,-18.53,0,0,0,0,0,0,0,0,-29.14,-22.65,-19.66,0,0,0,-19.05,-22.16,0,-18.51,0,-19.57,0,-18.64,-27.23,0,0,0,0,0,0,0,0,0,0,0,0,0,0,0,-18.38,-19.4,-19.93,-20.58,-20.79,-19.91,-20.5,-19.37,-18.93,-18.61,-18.44,-18.74,-18.8,-19.8,-20.51,-21.11,-22,-22.75,-22.91,-23.42,-22.83,-22.4,-21.3,-20.43,-19.59,-18.61,-18.24,0,-18.18,-18.29,-18.3,-18.42,-18.68,-18.33,0,0,0,-24.57,0,-21.41,-22.85,-29.96,-20.32,0,-22.31,0,-28.88,0,-20.04,-24.4,-37.38,0,0,-35.36,-23.05,-19.1,0,-22.79,0,0,0,0,0,0,-19.63,-22.7,0,0,0,-23.51,-18.19,-23.93,-19.22,-27.81,0,-19.77,-22.16,-32.12,0,0,0,0,0,0,0,0,0,0,0,0,0,0,0,0,0,0,0,0,0,0,0,-32.58,-19.66,0,0,-20.33,0,-22.86,0,-31.69,0,-22.76,0,0,0,0,-18.38,0,0,0,0,0,0,0,0,0,0,0,0,0,0,0,0,0,0,0,-27.43,-24.06,-22.47,-22.39,-22.21,-23.5,-24.38,-24.95,-28.17,-27.9,-26.62,-25.54,-24.08,-23.14,-21.17,-19.62,-18.55,0,0,0,-18.4,-19.29,-20.32,-21.56,-23.61,-25.23,-22.79,-22.53,-21.19,0,0,-20.07,-32.29,0,0,-26.19,-18.33,0,-20.55,0,-18.35,-21.7,-28.53,0,0,0,0,0,0,-18.45,-19.06,-20.05,-21.64,-24.77,0,0,0,0,0
18-02-2021, 13:44:52,102000000,104000000,7812.5,69920,-25.08,-32.86,0,0,0,0,0,0,0,0,0,0,0,0,0,-33.02,-25.72,-22.48,-20.59,-19.11,0,0,0,-24.52,-20.72,-19.42,-19.21,-18.89,-18.36,0,0,0,0,-42.3,-21.13,0,-22.71,0,-26.85,-22.94,0,-26.88,-22,-19.5,0,-19.7,0,0,0,0,0,0,0,0,0,0,0,0,0,0,-18.32,-19.28,-21.1,-21.84,-22.18,-22.92,-23.54,-23.03,-21.45,-20.31,-19.35,-18.71,-18.68,-19.46,-20.61,-22.28,-24.52,-26.12,-29.77,0,0,0,-31.15,-26.2,-22.68,-20.78,-19.09,-18.39,0,0,-18.47,-19.01,-19.18,-19.48,-18.9,-18.35,0,0,0,-19.17,-28.43,0,-19.75,-18.38,0,0,0,0,-22.3,0,-19.63,-22.86,-26.59,-26.56,-26.99,-23.29,-19.33,0,-23.74,0,-19.19,-19.39,-21.45,-19.49,-18.91,-19.52,-18.81,-20.76,0,0,-20.78,0,0,-26.03,-20.17,-18.32,0,0,-20.85,-25.55,0,0,0,0,0,0,0,0,0,0,0,0,0,0,0,0,0,0,0,0,0,0,-26.47,-18.23,-23.5,-28.35,-19.45,-19.38,-20.27,-19.02,-20.69,-19.06,0,-20.31,0,0,0,0,0,0,0,0,0,0,0,0,0,0,0,0,0,0,0,0,0,0,-38.61,-23.72,-20.74,-19.02,-18.79,-18.93,-19.33,-20.33,-20.58,-20.84,-21.3,-21.56,-21.18,-20.45,-19.72,-18.76,0,0,0,0,0,0,0,0,0,-18.43,-18.88,-19.27,-19.25,0,0,-35.45,0,-19.95,-20,-25.61,0,0,0,0,-20.27,0,-19.48,-25.56,0,0,0,0,-18.99,-19.55,-20.37,-21.84,-24.76,0,0,0,0,-19.28,-20.84,-22.66,-22.66
18-02-2021, 13:45:02,102000000,104000000,7812.5,69952,-24.72,-26.88,-44.62,0,0,0,0,0,0,0,0,0,0,0,0,-27.01,-23.46,-21.95,-19.76,-18.47,0,0,0,-23.41,-20.41,-19.6,-18.56,-18.32,0,0,0,0,0,-26.9,-20.53,0,-21.89,0,-31.26,-23.94,0,-28.11,-20.04,0,-39.86,0,-22.57,0,0,0,0,0,0,0,0,0,0,0,0,0,0,0,-18.93,-20.31,-21.64,-21.89,-21.7,-21.82,-20.87,-19.8,-18.83,-18.43,-18.51,-18.59,-19.79,-20.98,-21.98,-23.12,-26.05,-25.86,-25.13,-30.44,-24.97,-23.43,-22.46,-20.28,-18.94,0,0,0,0,-18.48,-18.58,-18.53,-18.68,0,0,0,0,-19.49,-31.14,0,-22.46,-22.66,-20.34,0,0,0,-19.97,0,-18.25,-20.98,-24.3,-25.27,-25.7,-22.23,-19.46,0,0,-18.79,0,0,-23.79,0,-23.35,0,0,-24.91,0,0,0,0,0,-18.76,-47.86,0,0,0,-19.46,-22.72,-26.62,0,0,0,0,0,0,0,0,0,0,0,0,0,0,0,0,0,0,0,0,0,-24.97,-18.62,-24.86,-26.41,-22.91,0,0,-22.46,-19.89,0,0,-18.57,-25.02,0,0,0,0,0,0,0,0,0,-29.84,0,-35.04,0,0,0,0,0,0,0,0,0,-26.47,-22.51,-19.89,-18.64,-18.45,0,-18.57,-19.47,-19.2,-19.69,-20.45,-19.51,-19.48,-19.4,-18.61,0,0,0,0,-37.47,-34.24,0,0,0,0,0,-18.71,-18.29,-18.47,0,0,-29.13,0,-19.8,-20.7,0,0,0,-32.54,-22.71,0,0,0,-22.49,0,0,0,0,-18.48,-19.39,-20.19,-20.82,-21.93,-26.29,0,0,0,-18.22,-19.77,-21.49,-21.49
18-02-2021, 13:45:12,102000000,104000000,7812.5,69984,-23.8,-26.87,-33.94,0,0,0,0,0,0,0,0,0,0,0,0,-29.27,-23.57,-21.46,-19.76,-18.37,0,0,0,-22.9,-20.53,-19.59,-18.91,-18.21,0,0,0,0,0,-23.54,-18.47,0,0,-18.72,0,-18.27,-18.61,0,-26.99,-19.65,0,-20.61,0,0,0,0,0,0,0,0,0,-33.59,-29.6,0,0,0,0,-18.49,-19.54,-20.63,-21.02,-20.99,-21.3,-20.73,-20.29,-19.13,-18.25,0,-18.32,-18.81,-19.85,-20.61,-22.09,-23.89,-26.26,-30.83,-27,-26.82,-24.53,-22.86,-20.95,-19.86,-18.72,0,0,0,-18.19,-18.19,-18.48,-18.65,-18.61,0,0,0,-23.03,0,-18.95,-18.35,0,0,-21.1,-19.68,-18.39,0,-26.59,0,-19.74,-23.8,-25.03,-28.58,-24.39,-22.25,-19.05,0,-24.16,0,-23.16,0,-26.4,-23.55,0,0,-22.19,-23.9,-18.76,-18.76,-20.02,-26.23,0,0,-20.1,0,0,0,-19.39,-21.59,-27.17,0,0,0,0,0,0,0,0,0,0,-38.22,-41.17,0,0,0,0,0,0,0,0,0,-21.81,0,-19.09,-19.02,0,-24.13,0,0,-27.69,-20.97,0,-21.87,0,0,0,0,0,0,0,0,0,-28.83,-26.98,-28.1,-26.45,0,0,0,0,0,0,0,0,-32.84,-25.53,-20.9,-19.16,-18.4,0,-18.3,-18.42,-18.99,-19.55,-19.78,-20.29,-20.45,-19.85,-19.25,-18.49,0,0,0,0,-31.76,0,0,0,0,0,0,-18.17,-18.55,0,0,0,-20.41,0,0,0,-23.3,0,0,0,0,-21.15,0,-19.44,-24.81,0,0,0,0,-18.16,-18.84,-19.06,-19.62,-21.16,-24.53,0,0,0,-18.61,-19.98,-21.92,-21.92
18-02-2021, 13:45:22,102000000,104000000,7812.5,70080,-27.7,-34.84,0,0,0,0,0,0,0,0,0,0,0,0,0,0,-26.35,-22.8,-20.67,-18.98,0,0,0,-24.44,-21.38,-20.37,-19.57,-19.08,-18.63,-18.2,0,0,0,0,-21.42,0,-21.39,-28.83,-26.58,0,0,-20.14,0,-24.63,0,-23,0,0,0,-18.59,0,0,0,0,0,0,0,0,0,0,0,-19.63,-21.13,-22.93,-24.05,-23.34,-24.64,-22.8,-22.24,-20.53,-19.52,-18.8,-19.55,-20.24,-21.17,-22.76,-25.36,-30.97,-41.66,0,0,0,-37.27,-26.45,-23.6,-20.73,-19.38,-18.85,-18.38,-18.89,-19,-19.09,-19.39,-19.58,-19.63,-18.51,0,0,-30.1,0,-20.06,-19.1,0,-20.6,-31.17,-24.05,-20.73,0,0,0,-21.54,-26.23,0,0,-31.12,-24.04,-19.87,0,-29.28,0,-30.5,0,-20.39,-18.69,0,-21.7,-18.58,0,-19.74,-19.74,-22.12,0,0,0,-20.29,0,0,-18.44,-21.26,-26.8,0,0,0,0,0,0,0,0,0,0,0,0,0,0,0,0,0,0,0,0,0,0,-23.24,0,-19.14,-18.8,-18.22,0,0,0,0,-22.64,0,-23.86,0,0,0,-18.29,0,0,0,0,0,0,0,0,0,0,0,0,0,0,0,0,0,0,0,-23.14,-21.02,-19.41,-19.72,-19.69,-19.77,-20.79,-21.61,-22.62,-22.64,-23.78,-22.31,-21.36,-20.51,-18.98,0,0,0,0,0,0,0,0,-18.61,-19.18,-19.91,-20.42,-19.62,-18.66,0,-30,0,-19.55,-22.31,-19.15,-33.55,-22.14,-18.76,0,-24.72,0,-21.61,0,0,0,0,-18.96,-19.48,-20.39,-21.4,-22.34,-25.19,0,0,0,0,-19.28,-21.16,-23.21,-23.21
18-02-2021, 13:45:32,102000000,104000000,7812.5,70016,-24.32,-27.2,0,0,0,0,0,0,0,0,0,0,0,0,0,-28.04,-24.42,-21.97,-20.17,-18.58,0,0,0,-23.12,-20.33,-19.47,-18.36,0,0,0,0,0,0,-27.99,-20.05,0,-20.88,-26.21,0,0,0,-18.48,-29.75,-18.81,0,-20.04,0,0,0,0,0,0,0,0,0,0,-27.7,-24.64,-25.59,0,0,0,-19.2,-20.17,-21.01,-21.47,-21.46,-21.38,-20.74,-19.75,-19,-18.98,-18.84,-19.35,-19.96,-21.19,-22.21,-24.53,-27.48,-28.89,-32.1,-30.06,-27.14,-24.32,-21.97,-20.75,-18.89,-18.6,-18.16,-18.2,0,0,-18.47,-18.85,-18.48,0,0,0,-24.79,0,-20.01,-19.5,-18.76,0,0,-23.95,-18.45,0,-23.64,0,-19.79,-21.99,-27.04,-28.26,-26.79,-21.9,-19.12,0,-25.24,0,-21.33,0,0,0,0,-23.95,-31.92,-19.36,0,0,-24.87,-19.27,0,-23.79,0,0,0,0,-19.05,-21.68,-26.57,0,0,0,0,0,0,0,0,0,0,0,0,0,0,0,0,0,0,0,0,0,-23.2,0,-20.2,-21.36,-24.43,-18.86,-25.21,0,0,-20.1,0,-21.57,0,0,0,0,0,0,0,0,0,0,0,-33.92,-34.82,0,0,0,0,0,0,0,0,0,-25.74,-21.95,-20.06,-19.32,-18.33,0,0,-19.01,-19.13,-20.38,-20.49,-20.45,-20.66,-20.08,-19.19,-18.29,0,0,0,-46.27,-43.6,0,0,0,0,0,-18.76,-18.87,-18.7,0,0,-26.98,0,-19.32,0,-22.28,0,-19.18,0,-39.22,-20.5,0,-19.47,-26.48,0,0,0,-18.18,-18.99,-19.64,-20.14,-20.76,-21.7,-23.18,-32.89,0,0,-18.68,-20.14,-22.03,-22.03
18-02-2021, 13:45:42,102000000,104000000,7812.5,70048,0,0,0,0,0,0,0,0,0,0,0,0,0,0,0,0,0,0,0,-28.89,-22.87,-20.37,-18.34,0,0,0,-38.31,-37.04,-29.55,-31.76,-26.51,-24.75,-21.97,-19.85,-18.43,0,-28.38,0,0,-19.69,0,0,0,-22.09,0,-19.61,-24.36,0,0,0,0,-33.75,0,-38.68,-23.05,-20.53,0,0,0,-19.78,-27.09,0,0,0,0,-18.32,-18.16,-18.21,0,0,0,0,0,0,0,0,0,-18.43,-19.11,-19.87,-19.75,-19.73,-19.67,-19.2,-18.49,0,0,0,0,0,0,0,0,0,0,0,0,0,0,-21.81,0,-23.23,0,0,-26.17,-24.74,0,-18.93,0,0,-19.99,-22.45,-26.25,-24.98,-24.99,-21.62,-20,0,0,-21.02,0,-19.13,-28.69,-28.49,-42.79,-19.37,-20.46,0,0,0,0,-19.92,0,0,-21.64,0,-25.14,0,0,0,-20.22,-23.1,-27.5,0,0,0,0,0,0,0,-24.52,-21.89,-20.15,-18.93,-19.49,-21.66,-26.72,0,0,0,0,0,0,-22.3,0,0,-19.86,0,0,0,0,-26.57,0,-21.56,-41.53,0,0,0,0,0,0,0,-29.7,-23.37,-19.42,0,0,-19.75,-22.55,-28.23,0,0,0,0,0,-28.82,-22.98,-20.82,-18.84,0,0,0,0,0,-18.33,-18.92,-19.5,-20.16,-20.62,-19.83,-19.61,-18.78,0,0,0,0,0,-29.19,0,0,0,-18.22,-18.91,-19.97,-20.17,-19.59,-19.01,0,0,-22.26,-18.57,0,0,0,-20.72,0,-22.12,0,-18.22,-20.8,-24.93,0,0,0,0,0,0,0,0,0,0,-18.5,-21.41,-27.31,0,0,0
18-02-2021, 13:45:52,102000000,104000000,7812.5,69760,0,0,-18.39,-18.54,-18.73,-18.59,-18.34,0,0,0,0,0,-18.2,0,0,0,0,0,0,0,0,-23.72,-20.63,-18.72,0,0,0,0,0,0,0,0,0,0,-25.29,-20.61,-18.48,0,-25.85,-19.26,0,0,0,-21.08,0,0,0,-18.23,-18.4,-18.71,-18.5,0,0,0,0,-24.43,-20.42,-20.1,-23.36,0,0,-19.06,-20.23,-21.78,-22.28,-23.32,-22.87,-23.05,-22.14,-21.4,-20.08,-19.78,-19.15,-19.43,-19.95,-21.87,-23.38,-24.51,-28.39,-28.65,-28.42,-29.04,-26.81,-24.44,-22.37,-20.65,-19.44,-18.38,0,0,0,-18.74,-19.7,-20.26,-20.68,-20.44,-19.88,-19.34,0,0,0,-23.26,-18.6,0,-24.41,-24.78,0,-18.35,-24.15,0,0,0,0,0,0,0,0,-23.13,-18.69,0,-19.45,0,-22.27,-18.31,-19.78,-23.19,-22.15,-21.61,0,0,-21.64,0,0,-22.12,0,-19.19,0,0,-19,-24.7,0,0,0,0,0,0,0,0,0,0,0,0,-24.71,-24.69,0,0,0,-18.16,-19,-19.29,-19.43,-19.16,-18.21,0,0,-32.99,-21.05,0,0,0,0,-24.51,0,0,-19.01,-20.06,-20.38,-20.39,-19.98,-19.2,-18.53,0,0,0,-24.73,-24.26,-29.68,0,0,0,0,0,0,0,0,0,0,0,-23.41,-20.26,-18.43,-18.74,-19.63,-23.68,-29.29,0,0,0,0,0,0,-28.34,-24.54,-21.4,-19.53,-18.27,0,0,-19.06,-21.62,-25.96,0,0,0,0,0,0,0,-26.6,-20.82,-18.59,0,0,0,-21.45,0,-18.54,-21.81,0,0,0,0,0,0,0,0,0,0,0,0,-19.41,-23.21,0,0,0,0,0
18-02-2021, 13:46:02,102000000,104000000,7812.5,69856,0,0,-18.23,-18.45,-18.44,-18.43,-18.36,-18.24,0,0,0,0,-18.19,0,0,0,0,0,0,0,-29.56,-23.06,-20.27,-18.63,0,0,0,0,0,0,0,0,0,-25.94,-21,0,0,-19.98,0,-34.17,-24,-27.29,0,-18.27,-23.82,0,0,0,0,0,0,0,0,0,0,0,-23.76,-23.43,-28.6,0,0,-18.42,-19.65,-20.6,-21.45,-22.33,-21.55,-21.4,-20.51,-20.22,-19.41,-19.15,-18.74,-19.34,-19.49,-20.89,-22.37,-23.58,-23.91,-26.18,-25.98,-24.98,-24.02,-23.01,-21.51,-20.33,-19.19,-18.4,0,0,0,-18.15,-18.69,-19.27,-19.27,-19.02,-18.41,0,0,-25.99,0,-28.96,-19.07,0,0,-18.61,-23.4,0,-19.91,-26.93,0,0,0,0,0,0,-25.5,-20.1,0,0,0,-24.4,0,-18.15,-25.21,-18.96,-23.07,0,0,0,0,-20.83,0,0,-19.23,-21.95,0,0,-19.52,-24.12,0,0,0,0,0,0,0,0,0,0,0,0,0,0,0,0,0,0,-18.28,-18.34,-18.19,0,0,0,-20.14,0,-49.85,-23.47,-24.01,0,0,-20.01,0,0,0,-18.94,-19.46,-19.79,-19.31,-19.13,-18.25,0,0,0,0,0,0,0,0,0,0,0,0,0,0,0,0,0,-26.6,-21.74,-19.81,-19.94,-20.74,-23,-31.79,0,0,0,0,0,-28.87,-24.98,-22.82,-21.2,-19.18,-18.26,0,0,-18.82,-20.46,-22.92,-28.44,0,0,0,0,-25.94,-20.53,0,0,-25.81,-24.52,-28.1,0,-18.89,0,0,-20.43,-25.84,0,0,0,0,0,0,0,0,0,0,-18.63,-19.94,-23.1,0,0,0,0,0
18-02-2021, 13:46:12,102000000,104000000,7812.5,70016,0,0,0,-18.21,-18.32,-18.28,0,0,0,0,0,0,0,0,0,0,0,0,0,0,-27.43,-22.09,-19.55,0,0,0,0,0,0,0,0,0,-32.81,-23.78,-20.18,0,0,-20.59,0,0,-22.66,-23.45,0,-18.58,-24.64,0,0,0,0,0,0,0,0,0,0,-23.7,-20.37,-20.15,-22.79,0,0,0,-19.2,-20.13,-20.47,-21.06,-20.88,-20.71,-20.34,-19.39,-18.97,-18.42,-18.41,-18.27,-18.99,-20.01,-21.27,-22.53,-23.51,-24.66,-24.1,-23.55,-22.96,-21.68,-20.81,-19.59,-18.54,0,0,0,0,0,-18.44,-18.94,-18.74,-18.58,-18.21,0,0,-26.71,-18.26,0,-23,-19.78,-18.42,-18.66,-23.89,0,-20.2,-27.22,0,0,0,0,0,0,-25.16,-19.34,0,-24.87,0,0,-18.38,0,-20.66,-30.03,0,0,0,0,-19.89,-19.5,0,-20.61,0,-18.22,0,0,-18.59,-22.14,0,0,0,0,0,0,0,0,0,0,0,0,-32.72,-26.7,0,0,0,0,0,0,0,0,0,0,-21.27,0,0,0,0,0,0,-21.33,0,0,0,-18.61,-19.31,-19.14,-19.24,-18.93,0,0,0,0,-40.19,-27.49,-31.97,0,0,0,0,0,0,0,0,0,0,-37.56,-22.74,-19.9,-19.11,-18.86,-19.74,-21.64,-24.72,-31.05,0,0,-49.1,-29.17,-26.29,-23.2,-21.43,-19.44,-18.18,0,0,0,0,-20.04,-21.72,-25.58,-27.68,-33.51,-41.94,-29.03,-23.54,-20.27,0,0,0,-25.29,-27.19,0,-18.73,0,0,-19.84,-24.77,0,0,0,0,0,0,0,0,0,0,0,-19.39,-23.04,0,0,0,0,0
18-02-2021, 13:46:22,102000000,104000000,7812.5,70016,0,0,0,-18.16,-18.45,-18.36,-18.16,0,0,0,0,0,0,0,0,0,0,0,0,0,-29.54,-22.57,-19.72,0,0,0,0,0,0,0,0,0,0,-24.35,-20.5,0,0,-21.38,0,-21.13,0,0,0,-24.19,0,-23.21,0,0,0,0,0,0,0,0,0,-22.78,-19.08,0,-18.45,-21.76,0,0,-18.27,-19.25,-20.29,-20.95,-21.15,-21.05,-20.55,-19.85,-19.09,-18.32,0,0,-18.16,-19.17,-20.51,-21.4,-22.74,-23.43,-24.64,-25.69,-24.95,-23.21,-22.3,-21.12,-19.66,-18.76,0,0,0,0,-18.49,-18.7,-19.43,-19.34,-18.83,0,0,0,-20.77,0,-23.72,0,0,0,0,-22.88,0,-21.25,-29.85,0,0,0,0,0,-35.13,-21.37,0,-26.92,0,-22.2,0,0,-25.9,-23.83,-20.81,0,0,0,-23.36,-25.53,-20.56,0,-20.48,-23.43,0,0,-19.64,-23.65,0,0,0,0,0,0,0,0,0,0,0,0,0,-40.94,0,0,0,0,-18.39,-18.7,-18.56,0,0,0,-26.85,-19.33,0,-24.72,-19.71,-18.6,-22.11,0,-21.46,0,0,-18.29,-18.72,-19.32,-19.75,-19.43,-18.97,-18.51,0,0,0,0,0,0,0,0,0,0,0,0,0,0,0,0,-27.35,-21.49,-19.74,-18.61,-18.93,-20.41,-22.82,-25.46,-29.16,-31.47,0,0,-28.18,-24.19,-22.75,-19.89,-18.33,0,0,0,0,0,-19.71,-22.85,-26.04,-36.29,0,-30.48,-25.08,-20.81,0,0,-22.38,-18.43,0,0,-24.9,-18.42,0,0,-21.53,-30.61,0,0,0,0,0,0,0,0,0,0,-18.59,-20.97,-28.18,0,0,0,0
18-02-2021, 13:46:32,102000000,104000000,7812.5,70048,0,0,0,-18.31,-18.49,-18.5,-18.33,-18.16,0,0,0,0,0,0,0,0,0,0,0,0,-31.85,-23.27,-20.15,-18.25,0,0,0,0,0,0,0,0,-41.5,-25.94,-21.38,-18.79,0,-27.42,0,0,-19.8,0,0,-24.13,0,-21.66,0,0,0,0,0,0,0,0,0,-26.07,-19.92,-18.3,-18.36,-20.91,0,0,0,-19.2,-20.02,-20.44,-21.05,-21.18,-20.46,-20.11,-19.15,-18.7,-18.25,0,0,-18.82,-19.89,-21.37,-22.94,-23.74,-24.6,-25.18,-24.62,-24.97,-22.59,-21.3,-19.91,-18.72,0,0,0,0,-18.19,-18.9,-19.05,-19.25,-18.93,-18.31,0,0,-27.12,-18.17,0,-20.62,0,0,0,-22.26,0,-19.69,-27.23,0,0,0,0,0,-32.05,-22,0,-31.21,0,0,-19.67,0,0,0,0,0,0,0,-20.14,0,-20.74,-21.26,-18.36,-22.39,0,0,-19.07,-21.41,-30.71,0,0,0,0,0,0,0,0,0,0,0,0,0,0,0,0,0,0,-18.61,-18.68,-18.51,0,0,0,-22.77,0,0,-25.09,-21.12,-23.18,0,-20.48,0,0,-18.17,-18.89,-19.41,-19.55,-19.45,-18.75,-18.43,0,0,0,0,0,0,0,0,0,0,0,0,0,0,0,0,-29.7,-22.96,-20.37,-18.76,-18.53,-19.63,-21.64,-25.24,-32.33,-36.71,0,-47.26,-35.41,-28.09,-22.86,-20.92,-18.95,0,0,0,0,0,-19.79,-22.21,-24.97,-32.22,0,0,-31.73,-23.3,-20.12,0,0,-22.82,-19.65,-19.85,-27.14,-18.15,-36.16,0,-21.14,-29.76,0,0,0,0,0,0,0,0,0,0,-18.48,-20.56,-25.05,0,0,0,0
18-02-2021, 13:46:42,102000000,104000000,7812.5,70112,0,0,0,0,0,0,0,0,0,0,0,0,0,0,0,0,0,0,0,0,-25.31,-21.6,-19.21,0,0,0,0,0,0,0,0,0,-31.43,-25.41,-21.8,-20.17,-18.37,0,0,-22.65,0,0,0,-19.83,-26.98,0,0,0,0,0,0,0,0,0,-33.27,-22.07,-19.42,-18.42,-20.58,-32.4,0,0,-18.48,-19.58,-20.69,-20.71,-20.52,-20.59,-20.02,-19,-18.74,0,0,0,0,-19.13,-19.96,-20.22,-21.77,-21.83,-21.88,-21.86,-21.17,-20.32,-19.88,-18.86,0,0,0,0,0,0,0,0,0,0,0,0,0,0,0,-38.26,-21.39,0,0,0,0,0,-21.54,-32.26,0,0,0,0,0,-28.25,-23.41,-19.27,0,-26.84,0,0,0,0,0,0,0,-19.51,-21.31,-21.31,0,0,0,-24.2,0,0,-34.73,0,0,-21.26,-28.42,0,0,0,0,0,0,0,0,0,0,-28.05,-26.47,-25.78,-36.24,0,0,0,0,-18.16,-18.31,-18.2,0,0,0,0,-29.9,-21.29,-18.24,0,-18.62,-23.64,0,0,0,-18.73,-19.18,-19.12,-18.87,-18.34,0,0,0,0,0,0,0,0,0,0,0,0,0,0,0,0,0,-23.41,-20.46,-18.35,0,0,0,-19.52,-21.34,-22.51,-25.31,-25.86,-26.53,-26.38,-23.07,-21.54,-20.56,-18.82,0,0,0,0,0,0,-19.86,-22.47,-25.57,-29.23,0,0,0,0,-32.49,-24.89,-21,-18.99,0,0,-20.96,0,0,-20.2,-24.52,0,0,0,0,0,0,0,0,0,0,0,-19.6,-22.52,-34.76,0,0,0,0
18-02-2021, 13:46:52,102000000,104000000,7812.5,70048,0,0,0,0,0,0,0,0,0,0,0,0,0,0,0,0,0,0,0,-33.13,-23.64,-20.97,-18.91,0,0,0,0,0,0,0,0,-31.27,-25.75,-22.78,-22.07,-19.66,-18.45,0,0,-26.56,-20.91,-19.22,-20.52,-23.98,0,0,0,0,0,0,0,0,0,0,-28.08,-22.15,-20.59,-20.66,-25.37,0,0,0,-18.84,-19.86,-19.96,-20.19,-19.83,-19.55,-19.34,-18.79,-18.37,0,0,0,-18.43,-19.01,-19.88,-20.5,-20.47,-20.88,-20.67,-20.6,-20.14,-19.23,-18.17,0,0,0,0,0,0,0,0,0,0,0,0,0,0,0,0,-29.58,-22.03,-18.19,0,0,0,-19.24,-23.68,-50.14,0,0,0,0,-31.02,-24.91,-22.23,-18.82,0,-26.45,0,-22.5,0,0,0,-21.58,-22.89,0,0,0,0,-21.93,0,0,0,0,-23.62,0,0,-19.4,-24.01,0,0,0,0,0,0,0,0,0,-32.39,-26.09,-22.51,-24.07,-27.09,0,0,0,0,0,0,0,0,0,0,0,0,-24.32,-20.96,-20.83,-23.28,0,0,0,-18.35,-18.57,-18.61,-18.49,0,0,0,0,0,0,-29.03,-27.56,0,0,0,0,0,0,0,0,0,0,-28.05,-21.73,-19.74,0,0,0,-18.22,-19.5,-21.74,-22.42,-23.4,-24.67,-24.38,-23.54,-21.63,-20.53,-19.65,-18.62,0,0,0,0,0,-18.57,-19.91,-21.25,-23.85,-26.57,-28.16,-42.83,0,0,-34.05,-28.11,-24.41,-21.42,-20.5,-21.97,0,0,-18.72,-20.8,-25.38,0,0,0,0,0,0,0,0,0,0,0,-20.12,-24.22,0,0,0,0,0
18-02-2021, 13:47:02,102000000,104000000,7812.5,69920,0,0,0,0,0,0,0,0,0,0,0,0,0,0,0,0,0,0,0,0,-25.94,-21.89,-19.29,0,0,0,-34.23,0,0,0,0,0,0,-27.55,-23.03,-20.81,-18.55,0,0,-19.49,0,-26.86,0,0,-22.01,0,0,0,0,0,0,0,0,0,-26.31,-19.63,0,0,0,-20.54,0,0,-18.45,-19.36,-19.85,-20.67,-20.98,-20.43,-19.94,-19.15,-18.79,0,0,0,0,-19.08,-20.23,-21.86,-22.17,-23.99,-23.97,-24.02,-23.35,-22.45,-20.86,-20,-18.94,0,0,0,0,0,-18.47,-19.23,-19.36,-19.5,-19.19,-18.79,0,0,0,0,-20.51,0,-31.68,-21.42,-24.53,0,-19.99,-29.85,0,0,0,0,0,0,-32.82,-20.87,0,-27.11,0,-39.24,-18.45,-21.62,-18.98,0,-27.41,0,0,0,-22.05,0,0,-18.96,-24.2,-25.17,0,0,-19.39,-23.4,0,0,0,0,0,0,0,0,0,0,0,-29.04,-23.4,-22.83,-26.31,0,0,0,0,-18.54,-18.63,-18.44,0,0,0,0,-21.86,0,0,-25.87,0,-18.9,-35.23,0,0,-18.5,-19.07,-19.21,-18.89,-18.97,-18.48,0,0,0,0,0,0,0,0,0,0,0,0,0,0,0,0,-23.43,-20.18,0,0,0,0,-18.31,-20.37,-22.71,-25.52,-27.81,-26.91,-27.62,-25.04,-22.66,-20.29,-18.87,0,0,0,0,0,0,-19.5,-22.39,-25.53,0,0,0,0,0,-27.38,-22.45,-19.17,0,0,0,0,-24.76,0,-19.72,-23.55,0,0,0,0,0,0,0,0,0,0,0,-18.27,-20.48,-26.73,0,0,0,0
18-02-2021, 13:47:12,102000000,104000000,7812.5,70016,0,0,0,-18.15,-18.23,-18.41,-18.38,0,0,0,0,0,0,0,0,0,0,0,0,0,-27.38,-21.77,-19.68,-18.21,0,0,0,0,0,0,0,0,-29.84,-23.41,-21.19,-18.89,0,0,-20.63,0,-32.77,-22.03,-25.8,0,-19.51,-28.4,0,0,0,0,0,0,0,0,0,-25.41,-21.71,-19.87,-20.24,-32.06,0,0,-18.57,-19.55,-20.21,-20.44,-20.53,-20.49,-19.7,-19.12,-18.74,0,0,0,-18.19,-18.86,-19.84,-21.03,-21.79,-22.63,-22.65,-23.29,-22.56,-21.65,-20.68,-19.22,-18.48,0,0,0,0,0,0,0,-18.56,-18.48,-18.28,0,0,0,0,-20.61,0,0,-25.86,-22.05,-26.14,0,-18.93,-24.57,0,0,0,0,0,0,-40.01,-22.2,-18.56,0,-19.37,0,-20.64,0,0,0,0,0,0,0,0,-26.51,0,-22.01,-18.92,-19.45,0,0,-18.33,-21.3,-31.09,0,0,0,0,0,0,0,0,0,0,0,0,-35.52,0,0,0,0,0,-18.48,-18.74,-18.5,-18.31,0,0,0,-22.82,-18.3,0,0,0,-19.88,-36.13,0,0,-18.73,-19.06,-19.28,-18.94,-18.78,-18.46,0,0,0,0,0,0,0,0,0,0,0,0,0,0,0,0,0,-32.54,-21.83,-21.09,-19.63,-19.77,-21.25,-23.14,-26.19,-28.58,-36.07,-27.98,-34.38,-26.17,-23.47,-21.96,-19.31,-18.68,0,0,0,0,-18.24,-19.55,-22.22,-24.36,-30.62,-45.61,-39.23,0,-24.97,-21.41,-18.76,0,0,-31.61,0,0,-22.17,0,-18.98,-22.25,-35.21,0,0,0,0,0,0,0,0,0,0,-19.05,-22.27,-33.43,0,0,0,0
18-02-2021, 13:47:22,102000000,104000000,7812.5,70016,0,0,0,0,0,0,0,0,0,0,0,0,0,0,0,0,0,0,0,0,-26.41,-21.64,-19.58,0,0,0,0,0,0,0,0,0,-30.33,-24.36,-21.61,-19.16,0,0,-21.14,0,0,-25.24,0,0,-21.47,0,0,0,0,0,0,0,0,0,-26.84,-20.79,-18.77,0,-20.24,-28.81,0,0,-18.5,-19.3,-19.93,-20.49,-19.88,-20.46,-19.58,-19.05,-18.49,0,0,0,0,-18.77,-20.05,-21.06,-22.01,-22.05,-23.09,-22.71,-22.78,-21.44,-20.61,-18.92,-18.37,0,0,0,0,0,0,-18.47,-18.64,-18.67,-18.28,0,0,0,0,-22.12,0,0,-22.36,-20.48,-24.82,0,-19.83,-25.08,0,0,0,0,0,0,-26.26,-20.1,0,-25.37,0,0,0,-18.34,0,-19.97,-20.61,0,0,0,0,0,-31.6,0,0,0,-28.21,0,0,-20,-27.35,0,0,0,0,0,0,0,0,0,0,-31.45,-23.8,-23.13,-26.73,0,0,0,0,-18.31,-18.17,-18.14,0,0,0,-39.6,-21.04,0,0,0,0,-19.76,0,0,0,0,-18.78,-18.73,-18.82,-18.26,0,0,0,0,-24.48,-22.7,-25.23,0,0,0,0,0,0,0,0,0,0,-29.04,-22.56,-19.37,0,0,-18.65,-20.14,-23.18,-24.69,-27.2,-27.44,-30.95,-26.24,-25.7,-22.71,-21.15,-19.14,-18.2,0,0,0,0,-18.24,-19.71,-22.52,-25.33,-30.69,-37.58,0,-35,-27.09,-22.24,-19.3,0,0,0,0,0,-26.74,0,-19.41,-23.31,-30.57,0,0,0,0,0,0,0,0,0,0,-18.8,-21.82,-29.28,0,0,0,0
18-02-2021, 13:47:32,102000000,104000000,7812.5,69920,0,0,0,0,0,0,0,0,0,0,0,0,0,0,0,0,0,0,0,-29.92,-23.09,-20.38,-18.43,0,0,0,-37.41,-32.37,-30.27,-29.24,-28.44,-25.26,-23.03,-22,-20.17,-19.32,0,0,0,-22.04,-18.37,0,-18.53,-20.71,-30.09,0,0,0,0,0,0,0,0,0,-27.46,-22.97,-20.56,-20.41,-24.02,0,0,0,-18.45,-19.13,-19.23,-19.46,-19.59,-19.12,-18.67,0,0,0,0,0,0,-18.24,-18.7,-19.7,-19.92,-20.47,-20.27,-20.21,-20.06,-19.38,-18.42,0,0,0,0,0,0,0,0,0,0,0,0,0,0,0,0,-29.85,-20.57,-18.34,0,0,0,-19.33,-23.91,0,0,0,0,0,0,0,-29.4,-23.29,-20.4,-18.61,0,0,0,-20.58,-21.54,-18.37,-18.87,0,0,0,0,0,0,0,-26.26,0,0,0,-19.17,-21.79,-25.73,0,0,0,0,0,0,0,0,0,-31.87,-26.86,-22.52,-22.79,-25.66,0,0,0,0,0,0,0,0,0,0,0,-33,-21.45,-19.02,-18.79,-21.51,-38.04,0,0,0,-18.15,-18.59,-18.25,-18.31,0,0,0,0,0,0,0,0,0,0,0,0,0,0,0,0,0,-33.72,-23.27,-20.3,-18.9,0,0,0,-19.22,-20.03,-21.83,-22.76,-23.42,-22.3,-22.23,-21.15,-19.84,-18.77,0,0,0,0,0,0,0,0,-19.79,-21.25,-22.79,-23.84,-27.64,-27.35,-28.95,-24.3,-22.43,-20.47,-18.85,0,-19.25,-23.88,0,0,-19.93,-22.52,-27.53,0,0,0,0,0,0,0,0,0,-18.24,-20.22,-23.64,0,0,0,0,0
18-02-2021, 13:47:42,102000000,104000000,7812.5,69952,0,0,0,0,0,0,0,0,0,0,0,0,0,0,0,0,0,0,0,-25.74,-21.59,-19.48,0,0,0,0,0,0,0,-31.15,-27.93,-25.39,-24.11,-21.81,-20.65,-19.77,-18.45,0,0,0,0,-28.88,-28.22,0,0,0,0,0,0,0,0,0,0,0,0,-33.56,-28.46,-26.72,0,0,0,-18.33,-18.92,-19.34,-19.31,-19.36,-18.96,-18.52,0,0,0,0,0,0,0,-18.78,-18.69,-19.63,-19.64,-19.68,-19.79,-19.25,-18.69,0,0,0,0,0,0,0,0,0,0,0,0,0,0,0,0,0,0,0,-26.37,-22.1,-20.33,-19.72,-20.46,-23.9,-30.02,0,0,0,0,0,-37.63,-26.96,-23.03,-21,-18.97,0,0,-18.28,-19.45,0,0,-22.48,-27.37,-27.73,-20.47,-20.47,-19.01,-29.46,0,-20.94,0,-21.99,0,0,-18.85,-22.04,-24.6,0,0,0,0,0,0,0,-35.89,-27.07,-23.51,-22.98,-22.45,-22.67,-29.21,0,0,0,0,0,0,0,0,0,0,0,0,0,0,-31.98,0,0,0,0,-18.32,-18.5,-18.52,-18.18,0,0,0,0,0,0,0,0,0,0,0,0,0,0,0,0,0,-28.27,-22.8,-19.77,0,0,0,0,0,-19.1,-20.25,-21.71,-21.81,-21.57,-21.23,-20.44,-19.36,-18.56,0,0,0,0,0,0,0,0,-18.84,-19.83,-21.29,-23.48,-25.78,-26.81,-31.67,-40.34,-34.22,-32.1,-29.74,-30.81,-35.35,0,0,0,-19.04,-21.01,-24.01,-31.37,0,0,0,0,0,0,0,0,-18.52,-19.3,-21.98,-26.27,0,0,0,0,0
18-02-2021, 13:47:52,102000000,104000000,7812.5,69952,0,0,0,0,0,0,0,0,0,0,0,0,0,0,0,0,0,0,-25.65,-20.59,-18.56,0,0,0,0,-25.73,-23.68,-23.2,-23.07,-22.2,-22.13,-21.29,-20.64,-19.79,-18.81,0,0,0,0,0,0,0,0,0,0,0,0,0,0,0,0,-29.98,0,0,0,0,0,0,0,0,0,0,0,-18.14,0,0,0,0,0,0,0,0,0,0,0,0,0,0,0,0,0,0,0,0,0,-24.8,-22.73,-21.5,-21.66,-21.67,-22.27,-24.3,-28.27,0,0,0,0,0,0,0,0,-28.42,-25.96,-23.88,-23.55,-27.09,-29.13,-32.11,-35.25,0,0,0,-40.97,-36.41,-26.45,-24.86,-22.26,-20.79,-19.88,-19.15,0,0,0,0,-23.84,-18.33,0,0,0,0,0,0,0,0,0,-25.01,0,0,-19.11,-20.61,-22.54,-26.21,-29.58,-45.77,0,0,-26.1,-22.68,-20.95,-20.14,-20.28,-20.58,-22.72,-26.8,0,0,0,0,0,0,0,0,0,0,0,0,0,0,0,0,0,0,0,-18.19,-18.16,-18.22,0,0,0,0,0,0,0,0,0,0,0,0,0,0,0,0,0,0,-25.96,-21.49,-19.87,-18.33,0,0,0,-18.85,-19.2,-19.39,-19.91,-20.24,-19.63,-19.3,-18.65,0,0,0,0,-27.02,-24.8,-23.34,-27.23,0,0,0,0,-18.16,-19.11,-20.49,-20.71,-22.04,-21.76,-21.62,-21.88,-22.1,-23.6,-28.38,0,0,0,0,-18.3,-19.63,-21.23,-24.56,-29.14,0,0,0,0,0,0,-18.66,-19.78,-21.97,-25.27,-34.09,0,0,0,0,0
18-02-2021, 13:48:02,102000000,104000000,7812.5,69952,0,0,0,0,0,0,0,0,0,0,0,0,0,0,0,0,0,0,0,-25.49,-21.11,-19.15,0,0,0,0,0,0,0,0,-34.71,-27.79,-24.49,-22.16,-20.37,-19.33,0,0,0,0,-34.46,-32.61,0,0,0,0,0,0,0,0,0,0,0,-40.78,-27.26,-23.94,-24.59,0,0,0,0,-18.55,-19.11,-19.34,-18.95,-19.14,-18.57,-18.32,0,0,0,0,0,0,0,-18.68,-18.69,-19.12,-19.32,-19.37,-19.26,-18.93,0,0,0,0,0,0,0,0,0,0,0,0,0,0,0,0,0,0,0,-26.31,-21.97,-19.5,-19.1,-19.33,-20.92,-24.14,-36.13,0,0,0,0,0,-25.51,-22.79,-20.44,-18.97,0,-20.29,-23.54,0,-24.23,0,-20.12,0,0,-25.46,0,0,-18.31,0,0,-20.72,0,0,-23.52,0,-18.28,-20.97,-23.23,-27.67,0,0,0,0,0,-28.83,-23.62,-21.74,-20.2,-20.75,-20.17,-21.54,-24.72,0,0,0,0,0,0,0,0,0,0,0,0,-24.67,-27.33,-32.51,0,0,0,0,0,0,0,0,0,0,0,0,0,0,0,0,0,0,0,0,0,0,0,0,-26.14,-21.49,-19.27,0,0,0,0,0,0,-18.85,-19.82,-20.74,-21.68,-21.02,-20.83,-20.46,-18.85,-18.23,0,0,0,0,0,0,0,0,-19.49,-20.6,-21.52,-23.55,-24.39,-25.15,-27.09,-25.96,-25.71,-24.86,-26.91,-24.28,-31.93,0,0,0,-19.58,-21.74,-23.7,-29.4,0,0,0,0,0,0,0,0,0,-19.63,-22.31,-27.52,0,0,0,0,0
18-02-2021, 13:48:12,102000000,104000000,7812.5,69952,0,0,0,0,0,0,0,0,0,0,0,0,0,0,0,0,0,0,0,-25.31,-21.24,-19.23,0,0,0,0,0,0,0,0,-30.4,-26.9,-22.88,-22.27,-20.37,-18.61,0,0,0,0,-30.72,0,0,0,0,0,0,0,0,0,0,-27.38,0,-25.86,-22.92,-22.35,-24.44,0,0,0,0,-18.96,-19.09,-19.47,-19.43,-19.48,-18.83,-18.64,0,0,0,0,0,0,-18.53,-18.88,-19.34,-19.47,-19.64,-19.52,-19.48,-19.01,-18.2,0,0,0,0,0,0,0,0,0,0,0,0,0,0,0,0,0,-33.54,-22.57,-19.77,-18.84,-18.83,-20.2,-23.15,-32.8,0,0,0,0,0,-31.28,-26.6,-22.29,-20.81,-19.14,0,0,-20.08,0,0,0,0,0,-28.69,-25.21,0,0,-20.67,-22.26,0,0,-19.69,0,-29.8,0,-19.39,-22.27,-26.19,-40.6,0,0,0,0,0,-32.52,-24.99,-21.8,-20.78,-20.51,-21.74,-23.95,0,0,0,0,0,0,0,0,0,0,0,0,-25.9,-24.01,-26.59,0,0,0,0,0,-18.25,0,0,0,0,0,0,0,0,0,0,0,0,0,0,0,0,0,0,0,-26.41,-22.03,-19.32,0,0,0,0,0,-18.99,-20.36,-21.53,-21.49,-21.97,-21.98,-21.22,-20.4,-19.22,0,0,0,0,0,0,0,0,-18.71,-19.39,-20.31,-22.03,-22.96,-24.28,-25.61,-27.29,-24.03,-24.86,-23.72,-22.47,-23.55,0,0,0,0,-19.53,-21.41,-24.18,-29.05,0,0,0,0,0,0,0,0,-18.22,-20.26,-22.78,-28.83,0,0,0,0,0
18-02-2021, 13:48:22,102000000,104000000,7812.5,69920,0,0,0,0,0,0,0,0,0,0,0,0,0,0,0,0,0,0,0,-28.01,-22.08,-19.79,0,0,0,0,0,0,0,0,0,-28.64,-25.74,-22.89,-21.28,-19.49,-18.15,0,0,0,-26.92,-30.51,0,0,0,0,0,0,0,0,0,0,0,-29.78,-23.96,-22.18,-24.71,0,0,0,-18.26,-19.03,-19.64,-19.92,-19.8,-19.73,-19.51,-19.01,-18.49,-18.24,0,0,0,-18.16,-18.9,-19.16,-19.69,-20.29,-20.39,-20.14,-19.93,-19.79,-18.99,-18.15,0,0,0,0,0,0,0,0,0,0,0,0,0,0,0,0,0,-24.7,-20.35,-18.88,-18.62,-19.7,-23.21,-30.53,0,0,0,0,0,0,0,-28.17,-23.25,-21.15,-19.96,-18.23,0,0,-19.53,0,0,0,-19.7,0,0,0,-21.16,0,0,-20.38,-18.15,-26.96,0,-18.35,-20.97,-24.16,0,0,0,0,0,0,0,0,-30.39,-24.69,-21.95,-21.16,-21.95,-25.61,0,0,0,0,0,0,0,0,0,0,0,0,-28.29,-23.13,-24.38,0,0,0,0,-18.33,-18.64,-18.51,-18.35,0,0,0,0,0,0,0,0,0,0,0,0,0,0,0,0,0,0,-23.38,-20.29,-18.27,0,0,0,-18.17,-19.29,-20.81,-21.86,-23.07,-23.66,-22.56,-22.12,-21.41,-20.22,-19.12,0,0,0,0,0,0,0,-19.07,-20.06,-21.28,-22.7,-25.35,-27.12,-30.84,-33.26,-31.88,-28.01,-25.23,-23.54,-22.87,-26.22,0,0,-18.41,-20.26,-22.28,-25.41,-33.66,0,0,0,0,0,0,0,0,-18.24,-19.93,-23.16,-37.57,0,0,0,0,0
18-02-2021, 13:48:32,102000000,104000000,7812.5,69952,0,0,0,0,0,0,0,0,0,0,0,0,0,0,0,0,0,0,-26.55,-21.39,-18.83,0,0,0,0,0,0,0,0,0,-39.4,-30.2,-26.3,-22.95,-20.61,-18.76,0,0,0,0,0,0,0,0,0,0,0,0,0,0,0,0,0,0,0,0,0,0,0,-18.37,-18.86,-19.12,-19.2,-19.08,-18.9,-18.25,0,0,0,0,0,0,0,0,0,0,0,-18.18,-18.32,-18.2,-18.15,0,0,0,-29.17,-22.73,-20.94,-21.03,-21.82,-22.13,-23.05,-26.56,-30.84,0,0,0,0,0,0,0,0,0,0,0,0,0,0,0,0,0,0,0,-32.89,-29.54,-25.19,-20.69,-19.39,0,0,0,0,-24.57,0,0,0,-20.08,-19.09,-27.67,0,0,-20.35,0,0,-18.64,0,-18.26,0,-25.4,0,-18.81,-20.34,-21.9,-26.1,-31.93,0,-28.15,-24.39,-20.71,-19.34,-18.53,-18.42,-19.23,-19.71,-20.5,-21.42,-25,-28.7,0,0,0,0,0,0,0,0,0,0,0,0,0,0,0,0,-18.32,-18.25,-18.22,0,0,0,0,0,0,0,0,0,0,0,0,0,0,0,0,0,0,-25.34,-21.83,-19.39,-18.72,-18.2,-18.48,-18.35,-18.56,-18.98,-19.38,-19.83,-19.89,-19.97,-20.13,-19.47,-18.54,0,0,0,-27.35,-30.61,0,0,0,0,0,-19.47,-20.59,-22.67,-24.6,-25.32,-26.61,-25.42,-23.75,-25.29,-27.52,0,0,0,0,-18.22,-19.79,-20.88,-24.69,-26.92,0,0,0,0,0,0,0,-18.63,-19.78,-21.84,-23.93,-30.53,0,0,0,0,0,0
